entry_ts,exit_ts,direction,entry_price,entry_exec_price,exit_price,exit_exec_price,exit_candle_high,exit_candle_low,hit_stop,hit_target,stop_loss,target_price,exit_reason,quantity,gross_pnl,fees,net_pnl,rr_ratio,atr,htf_bias
2024-05-17 20:15:00+00:00,2024-05-18 14:15:00+00:00,LONG,72999.0,73013.5998,72917.01,72902.42659799999,60111.0,60111.0,True,False,72917.01,73400.0,STOP_LOSS,0.001,-0.11117320200000541,0.072958013199,-0.1841312151990054,4.890840346383393,525.7958374754363,neutral
2024-09-01 02:00:00+00:00,2024-09-01 02:15:00+00:00,SHORT,59000.0,58988.200000000004,60059.99999999999,60072.01199999999,67350.0,52525.0,True,False,60059.99999999999,52500.1,STOP_LOSS,0.001,-1.0838119999999836,0.059530106,-1.1433421059999835,6.1319811320755155,3889.576593995449,neutral
2025-03-16 11:00:00+00:00,2025-03-16 12:15:00+00:00,SHORT,81600.0,81583.68000000001,81747.2656,81763.61505312,86951.0,86951.0,True,False,81747.2656,81000.0,STOP_LOSS,0.001,-0.1799350531199889,0.08167364752656,-0.2616087006465489,4.0742712486826855,132.90000287827294,neutral
2025-04-13 05:30:00+00:00,2025-04-13 05:45:00+00:00,LONG,84719.9,84736.84397999999,84583.5318,84566.61509364,84667.9,84362.5,True,False,84583.5318,85148.2,STOP_LOSS,0.001,-0.17022888635999697,0.08465172953681999,-0.254880615896817,3.1407615558466846,313.5250846797903,neutral
2025-04-13 21:15:00+00:00,2025-04-13 21:30:00+00:00,LONG,83543.2,83559.90864,83374.0425,83357.3676915,83737.4,83102.5,True,False,83374.0425,84839.5,STOP_LOSS,0.001,-0.2025409484999982,0.08345863816575,-0.2859995866657482,7.663272394070579,517.8440519631215,neutral
2025-04-13 21:45:00+00:00,2025-04-13 22:00:00+00:00,LONG,83566.0,83582.7132,83374.0425,83357.3676915,83659.9,83322.0,True,False,83374.0425,84839.5,STOP_LOSS,0.001,-0.22534550850000232,0.08347004044575,-0.3088155489457523,6.634281025747746,526.4976774579975,neutral
2025-04-13 23:00:00+00:00,2025-04-13 23:30:00+00:00,LONG,83512.9,83529.60257999999,83374.0425,83357.3676915,83603.3,83309.2,True,False,83374.0425,84839.5,STOP_LOSS,0.001,-0.17223488849999558,0.08344348513574999,-0.2556783736357456,9.553679131483877,447.81705103604776,neutral
2025-08-16 04:00:00+00:00,2025-08-16 04:30:00+00:00,LONG,117442.0,117465.4884,117027.0558,117003.65038884,117403.8,100200.0,True,False,117027.0558,120921.6,STOP_LOSS,0.001,-0.4618380111599981,0.11723456939442001,-0.5790725805544181,8.385705837074049,1548.5564068428448,neutral
2025-08-16 05:30:00+00:00,2025-08-16 08:45:00+00:00,LONG,117609.4,117632.92188,117027.0558,117003.65038884,117687.9,100200.0,True,False,117027.0558,120921.6,STOP_LOSS,0.001,-0.6292714911599906,0.11731828613442,-0.7465897772944106,5.687701534590807,3213.6953513943904,neutral
2025-08-20 23:00:00+00:00,2025-08-21 01:45:00+00:00,SHORT,114295.9,114273.04082,114542.62819999998,114565.53672563998,114699.4,114225.7,True,False,114542.62819999998,112340.3,STOP_LOSS,0.001,-0.29249590563998207,0.11441928877281998,-0.40691519441280205,7.926130859788725,3145.639051586577,neutral
2025-08-24 09:30:00+00:00,2025-08-24 09:45:00+00:00,LONG,114996.0,115018.99919999999,114875.6094,114852.63427812001,114995.3,114827.8,True,False,114875.6094,115645.9,STOP_LOSS,0.001,-0.16636492187998375,0.11493581673906,-0.28130073861904376,5.398261990554085,155.2967149604776,bullish
2025-08-26 18:45:00+00:00,2025-08-26 19:15:00+00:00,SHORT,110711.1,110688.95778000001,110881.67089999998,110903.84723417998,111135.9,110596.3,True,False,110881.67089999998,109368.2,STOP_LOSS,0.001,-0.2148894541799673,0.11079640250709,-0.3256858566870573,7.872972470686324,363.5074445154295,bearish
2025-08-27 10:00:00+00:00,2025-08-27 11:00:00+00:00,LONG,111063.5,111085.7127,110790.7983,110768.64014034,113982.2,108422.0,True,True,110790.7983,111773.8,STOP_LOSS,0.001,-0.3170725596600096,0.11092717642017,-0.4279997360801796,2.604677565266332,203.05183353900986,neutral
2025-08-28 21:00:00+00:00,2025-08-28 21:30:00+00:00,LONG,112087.5,112109.9175,111899.78820000001,111877.40824236002,111945.2,111881.0,True,False,111899.78820000001,113432.7,STOP_LOSS,0.001,-0.23250925763997657,0.11199366287118001,-0.3445029205111566,7.166304941937952,292.5607084125233,neutral
2025-09-02 16:15:00+00:00,2025-09-02 17:00:00+00:00,SHORT,110477.5,110455.4045,110782.57189999998,110804.72841437998,110909.4,110596.0,True,False,110782.57189999998,107427.3,STOP_LOSS,0.001,-0.34932391437997284,0.11063006645719,-0.4599539808371628,9.998298761702369,1198.573418367152,neutral
2025-09-02 18:00:00+00:00,2025-09-02 18:45:00+00:00,SHORT,110509.9,110487.79802,110782.57189999998,110804.72841437998,110796.5,110158.0,True,False,110782.57189999998,107427.3,STOP_LOSS,0.001,-0.31693039437997506,0.11064626321718998,-0.427576657597165,11.305161991390174,840.8228474585129,neutral
2025-09-04 23:30:00+00:00,2025-09-05 01:45:00+00:00,SHORT,110772.0,110749.8456,111062.95199999999,111085.16459039999,111109.4,110412.9,True,False,111062.95199999999,110158.0,STOP_LOSS,0.001,-0.33531899039998825,0.11091750509520001,-0.4462364954951883,2.110313728725084,387.8213033847392,bearish
2025-09-07 09:30:00+00:00,2025-09-07 09:45:00+00:00,SHORT,110963.9,110941.70722,111126.61559999999,111148.84092311999,111133.8,110877.9,True,False,111126.61559999999,109994.0,STOP_LOSS,0.001,-0.2071337031199946,0.11104527407156001,-0.31817897719155463,5.960706902104153,185.02015905643177,neutral
2025-09-09 03:15:00+00:00,2025-09-09 03:30:00+00:00,LONG,111528.1,111550.40562,111400.7877,111378.50754246,111646.0,111072.3,True,False,111400.7877,113177.7,STOP_LOSS,0.001,-0.17189807753999775,0.11146445658123003,-0.2833625341212278,12.957114120159057,406.52798157542736,neutral
2025-09-20 13:00:00+00:00,2025-09-20 17:30:00+00:00,SHORT,115858.0,115834.8284,116556.43999999999,116579.75128799998,122317.0,115644.1,True,False,116556.43999999999,110000.0,STOP_LOSS,0.001,-0.7449228879999864,0.116207289844,-0.8611301778439864,8.387263043353906,2280.8225462870355,neutral
2025-09-29 12:30:00+00:00,2025-09-29 13:30:00+00:00,SHORT,112119.1,112096.67618000001,112435.02269999999,112457.50970453999,117745.0,111968.1,True,False,112435.02269999999,109192.2,STOP_LOSS,0.001,-0.3608335245399794,0.11227709294227001,-0.4731106174822494,9.2646080829272,406.64779010957204,neutral
2025-10-03 13:30:00+00:00,2025-10-03 13:45:00+00:00,SHORT,120345.3,120321.23094000001,120646.22569999998,120670.35494513997,120653.7,120206.9,True,False,120646.22569999998,119273.3,STOP_LOSS,0.001,-0.34912400513996544,0.12049579294256998,-0.4696197980825354,3.562341136034837,316.28734299844064,bearish
2025-10-09 09:00:00+00:00,2025-10-09 12:30:00+00:00,LONG,121601.9,121626.22037999998,123519.3,123494.59614000001,123752.6,122943.6,False,True,121379.499,123519.3,TAKE_PROFIT,0.001,1.8683757600000246,0.12256040826,1.7458153517400246,8.621364112571552,273.42726085015784,neutral
2025-10-09 15:45:00+00:00,2025-10-09 16:30:00+00:00,LONG,121166.1,121190.33322,121037.44140000001,121013.23391172002,121312.5,120677.6,True,False,121037.44140000001,123752.6,STOP_LOSS,0.001,-0.17709930827998324,0.12110178356586002,-0.29820109184584326,20.103591986855886,434.35254317009634,neutral
2025-10-10 13:45:00+00:00,2025-10-10 14:00:00+00:00,SHORT,121685.2,121660.86296,121897.77599999998,121922.15555519998,122010.2,121546.2,True,False,121897.77599999998,120905.5,STOP_LOSS,0.001,-0.26129259519997866,0.12179150925759999,-0.3830841044575787,3.6678646695772197,289.16141361559835,bearish
2025-10-11 08:30:00+00:00,2025-10-11 19:45:00+00:00,LONG,111329.0,111351.2658,111076.0128,111053.79759744,111279.2,110962.4,True,False,111076.0128,113420.6,STOP_LOSS,0.001,-0.29746820255999046,0.11120253169872,-0.4086707342587105,8.267611958233378,639.3102709351529,neutral
2025-10-17 17:15:00+00:00,2025-10-17 17:30:00+00:00,SHORT,106193.1,106171.86138,106466.66029999999,106487.95363205999,106480.5,106165.0,True,False,106466.66029999999,104629.1,STOP_LOSS,0.001,-0.3160922520599852,0.10632990750603,-0.4224221595660152,5.717203848658223,561.6913998368303,neutral
2025-10-22 07:15:00+00:00,2025-10-22 10:45:00+00:00,LONG,108002.9,108024.50057999999,107780.112,107758.5559776,107848.6,107680.0,True,False,107780.112,108606.9,STOP_LOSS,0.001,-0.26594460239999174,0.1078915282788,-0.37383613067879173,2.7110975456487725,281.5207678020451,neutral
2025-10-22 14:00:00+00:00,2025-10-22 14:45:00+00:00,SHORT,108163.2,108141.56736,108464.05569999998,108485.74851113999,108912.2,107742.6,True,False,108464.05569999998,107053.8,STOP_LOSS,0.001,-0.3441811511399865,0.10831365793556999,-0.4524948090755565,3.687482071970209,429.9240977500923,neutral
2025-10-23 12:15:00+00:00,2025-10-23 12:30:00+00:00,LONG,109123.4,109145.22467999998,109013.3775,108991.5748245,109117.0,108848.5,True,False,109013.3775,110246.1,STOP_LOSS,0.001,-0.15364985549998528,0.10906839975225,-0.26271825525223524,10.204276398010359,276.4233363332361,neutral
2025-10-23 14:15:00+00:00,2025-10-23 16:45:00+00:00,LONG,109289.6,109311.45792,110246.1,110224.05078,110527.5,109816.9,False,True,109013.3775,110246.1,TAKE_PROFIT,0.001,0.9125928600000043,0.10976775435000001,0.8028251056500043,3.4627881508566025,342.6938192558568,neutral
2025-10-24 07:00:00+00:00,2025-10-24 09:15:00+00:00,SHORT,111128.4,111106.17431999999,111374.36309999999,111396.63797261998,111420.1,111290.1,True,False,111374.36309999999,109377.0,STOP_LOSS,0.001,-0.2904636526199902,0.11125140614630999,-0.4017150587663002,7.120580282164438,239.02496298711253,neutral
2025-10-27 08:00:00+00:00,2025-10-27 08:15:00+00:00,SHORT,115424.0,115400.9152,115539.5241,115562.63200482,115558.0,115117.9,True,False,115539.5241,113914.0,STOP_LOSS,0.001,-0.16171680481999648,0.11548177360241,-0.27719857842240647,13.070865732778392,243.03892736925076,neutral
2025-10-30 08:00:00+00:00,2025-10-30 13:30:00+00:00,SHORT,110811.0,110788.83780000001,107979.9,108001.49597999999,108453.6,107377.3,False,True,111075.86489999999,107979.9,TAKE_PROFIT,0.001,2.787341820000016,0.10939516689,2.677946653110016,10.68884552086802,425.04479520846695,bearish
2025-10-31 15:15:00+00:00,2025-10-31 16:45:00+00:00,SHORT,110386.9,110364.82261999999,109147.2,109169.02944,109667.7,108645.9,False,True,110715.10449999999,109147.2,TAKE_PROFIT,0.001,1.1957931799999932,0.10976692603,1.0860262539699932,3.7772181673317253,444.2929310993112,bearish
2025-11-01 05:00:00+00:00,2025-11-01 05:30:00+00:00,SHORT,110004.8,109982.79904,110226.7166,110248.76194332,110290.0,109963.2,True,False,110226.7166,109335.8,STOP_LOSS,0.001,-0.26596290332000355,0.11011578049166001,-0.37607868381166354,3.0146460427025716,213.32663523602113,neutral
2025-11-01 14:15:00+00:00,2025-11-01 15:00:00+00:00,LONG,109810.1,109832.06202,110170.5,110148.4659,110266.7,109822.4,False,True,109661.12909999999,110170.5,TAKE_PROFIT,0.001,0.31640387999999803,0.10999026396,0.20641361603999803,2.4192644335233147,152.72833661110053,neutral
2025-11-01 17:15:00+00:00,2025-11-01 17:30:00+00:00,SHORT,110140.8,110118.77184,110280.6705,110302.72663409999,110284.9,110131.1,True,False,110280.6705,109654.2,STOP_LOSS,0.001,-0.183954794099991,0.11021074923705,-0.294165543337041,3.4789322980903097,177.17314641399588,neutral
2025-11-01 17:45:00+00:00,2025-11-01 18:45:00+00:00,SHORT,110144.1,110122.07118000001,110280.6705,110302.72663409999,110289.4,110178.8,True,False,110280.6705,109654.2,STOP_LOSS,0.001,-0.18065545409997869,0.11021239890705001,-0.29086785300702866,3.5871582808882962,172.87480481614853,neutral
2025-11-02 09:30:00+00:00,2025-11-02 11:15:00+00:00,SHORT,110580.0,110557.884,110803.69299999998,110825.85373859998,110819.7,110585.7,True,False,110803.69299999998,109828.0,STOP_LOSS,0.001,-0.26796973859997525,0.11069186886929999,-0.37866160746927524,3.3617502559313492,189.34919705350197,neutral
2025-11-02 22:45:00+00:00,2025-11-02 23:00:00+00:00,LONG,109833.9,109855.86678,110288.5,110266.4423,110389.6,109833.9,False,True,109607.283,110288.5,TAKE_PROFIT,0.001,0.41057551999999853,0.11006115454000001,0.30051436545999854,2.0060277913837403,177.2503983031272,bullish
2025-11-03 12:30:00+00:00,2025-11-03 13:30:00+00:00,SHORT,107802.9,107781.33941999999,107967.9601,107989.55369202,107980.6,107643.6,True,False,107967.9601,106366.9,STOP_LOSS,0.001,-0.20821427202000634,0.10788544655601,-0.3160997185760163,8.699861444407091,321.3533326725761,neutral
2025-11-03 15:00:00+00:00,2025-11-03 15:15:00+00:00,SHORT,107593.9,107572.38122,106823.0,106844.3646,107593.9,103000.0,False,True,107967.9601,106823.0,TAKE_PROFIT,0.001,0.7280166199999949,0.10720837291,0.6208082470899949,2.060898770010459,345.64985408731616,neutral
2025-11-05 04:15:00+00:00,2025-11-05 04:30:00+00:00,SHORT,101542.7,101522.39146,101879.47769999999,101899.85359553999,102072.6,101532.8,True,False,101879.47769999999,98956.8,STOP_LOSS,0.001,-0.3774621355399868,0.10171112252777,-0.4791732580677568,7.678358751188275,537.547071930875,neutral
2025-11-06 01:30:00+00:00,2025-11-06 02:00:00+00:00,LONG,103274.1,103294.75482,103149.5472,103128.91729056,103355.1,102914.9,True,False,103149.5472,104475.2,STOP_LOSS,0.001,-0.165837529440003,0.10321183605528,-0.269049365495283,9.643299869613077,330.5511832720301,neutral
2025-11-06 02:30:00+00:00,2025-11-06 04:45:00+00:00,LONG,103291.8,103312.45836,104037.9,104017.09242,104150.9,103821.0,False,True,103149.5472,104037.9,TAKE_PROFIT,0.001,0.7046340599999967,0.10366477539,0.6009692846099968,5.244887974085436,343.14792652625124,neutral
2025-11-07 10:30:00+00:00,2025-11-07 10:45:00+00:00,LONG,100854.4,100874.57087999998,100605.8934,100585.77222132,100857.7,100511.1,True,False,100605.8934,102237.9,STOP_LOSS,0.001,-0.2887986586799816,0.10073017155066,-0.3895288302306416,5.567256563809722,275.4374122527689,neutral
2025-11-08 08:30:00+00:00,2025-11-08 08:45:00+00:00,LONG,102522.2,102542.70444,102411.1863,102390.70406274,102586.7,102384.1,True,False,102411.1863,104000.0,STOP_LOSS,0.001,-0.152000377260003,0.10246670425137,-0.254467081511373,13.31187051688267,255.65504319352482,neutral
2025-11-08 12:15:00+00:00,2025-11-08 13:00:00+00:00,LONG,101919.3,101939.68386,101757.2409,101736.88945182001,102010.6,101674.3,True,False,101757.2409,102586.7,STOP_LOSS,0.001,-0.20279440817999422,0.10183828665591002,-0.30463269483590427,4.118250687557811,251.6914957853906,neutral
2025-11-08 14:30:00+00:00,2025-11-08 15:00:00+00:00,LONG,101894.6,101914.97892000001,101757.2409,101736.88945182001,101869.5,101708.5,True,False,101757.2409,102586.7,STOP_LOSS,0.001,-0.1780894681799982,0.10182593418591002,-0.27991540236590823,5.038617754484295,257.4514948466654,neutral
2025-11-10 17:45:00+00:00,2025-11-10 18:00:00+00:00,LONG,105900.0,105921.18,105764.13,105742.97717400001,106001.8,105643.1,True,False,105764.13,106515.9,STOP_LOSS,0.001,-0.1782028259999788,0.105832078587,-0.2840349045869788,4.533009494369731,343.5666427277144,bullish
2025-11-16 04:30:00+00:00,2025-11-16 04:45:00+00:00,SHORT,95589.8,95570.68204,95693.1976,95712.33623952,95732.0,95563.2,True,False,95693.1976,94811.1,STOP_LOSS,0.001,-0.14165419951999503,0.09564150913976,-0.23729570865975502,7.531122579247707,224.6221098330095,bearish
2025-11-16 22:45:00+00:00,2025-11-16 23:00:00+00:00,LONG,94080.1,94098.91602,93623.9823,93605.25750354001,94094.6,92977.0,True,False,93623.9823,96522.4,STOP_LOSS,0.001,-0.4936585164599965,0.09385208676177001,-0.5875106032217665,5.354538970971692,1082.629852390636,neutral
2025-11-17 14:30:00+00:00,2025-11-17 14:45:00+00:00,LONG,95042.9,95061.90857999999,94727.178,94708.23256440001,95418.6,94408.9,True,False,94727.178,95783.4,STOP_LOSS,0.001,-0.35367601559998,0.0948850705722,-0.44856108617218005,2.3454178042708884,427.8133495123625,bullish
2025-11-18 08:30:00+00:00,2025-11-18 08:45:00+00:00,LONG,91251.1,91269.35022000001,91091.51729999999,91073.29899653999,91281.2,91083.4,True,False,91091.51729999999,92239.5,STOP_LOSS,0.001,-0.19605122346001735,0.09117132460826999,-0.28722254806828734,6.1936538233775345,422.86987167984535,neutral
2025-11-19 16:00:00+00:00,2025-11-19 16:15:00+00:00,LONG,90056.3,90074.31126,89908.6014,89890.61967972,90125.4,89550.8,True,False,89908.6014,93324.8,STOP_LOSS,0.001,-0.18369158028000676,0.08998246546986,-0.27367404574986676,22.129525939988095,800.7298733868389,neutral
2025-11-20 05:15:00+00:00,2025-11-20 15:45:00+00:00,SHORT,92583.0,92564.4834,89998.6,90016.59972,90498.9,89750.9,False,True,92772.88019999999,89998.6,TAKE_PROFIT,0.001,2.547883679999999,0.09129054156000001,2.4565931384399993,13.610687159589034,331.8695371757253,neutral
2025-11-21 05:00:00+00:00,2025-11-21 05:30:00+00:00,LONG,86058.0,86075.2116,85924.989,85907.8040022,86167.2,85751.2,True,False,85924.989,88071.2,STOP_LOSS,0.001,-0.16740759779998918,0.08599150780110001,-0.2533991056010892,15.135590289525064,595.0085154196596,neutral
2025-11-21 05:45:00+00:00,2025-11-21 06:00:00+00:00,LONG,86067.2,86084.41343999999,85924.989,85907.8040022,86101.5,85727.7,True,False,85924.989,88071.2,STOP_LOSS,0.001,-0.17660943779998342,0.0859961087211,-0.2626055465210834,14.091736926117253,529.528027834181,neutral
2025-11-23 05:15:00+00:00,2025-11-23 06:00:00+00:00,SHORT,86168.8,86151.56624,86286.2,86303.45723999999,86412.4,86226.6,True,False,86286.2,84175.0,STOP_LOSS,0.001,-0.1518909999999887,0.08622751174,-0.23811851173998871,16.982964224873097,285.0621108035531,neutral
2025-11-23 16:45:00+00:00,2025-11-23 17:30:00+00:00,SHORT,86632.4,86615.07351999999,86844.3576,86861.72647152,86881.0,86706.5,True,False,86844.3576,85781.5,STOP_LOSS,0.001,-0.2466529515200091,0.08673839999576,-0.3333913515157691,4.0144821417111665,290.35560924296453,neutral
2025-11-23 19:45:00+00:00,2025-11-23 20:15:00+00:00,SHORT,87285.7,87268.24286,87482.79539999999,87500.29195907999,87620.1,87370.7,True,False,87482.79539999999,85781.5,STOP_LOSS,0.001,-0.23204909907998808,0.08738426740954,-0.3194333664895281,7.631837171238219,272.8063067358501,neutral
2025-11-23 23:00:00+00:00,2025-11-24 00:15:00+00:00,SHORT,87331.9,87314.43362,85781.5,85798.6563,86354.9,83750.0,False,True,87482.79539999999,85781.5,TAKE_PROFIT,0.001,1.5157773199999938,0.08655654496000001,1.4292207750399937,10.274667087267446,363.5473383522876,neutral
2025-11-25 01:45:00+00:00,2025-11-25 02:00:00+00:00,SHORT,87671.1,87653.56578,87790.0023,87807.56030046,87856.0,87594.7,True,False,87790.0023,80000.0,STOP_LOSS,0.001,-0.1539945204599935,0.08773056304023,-0.2417250835002235,64.51599338280961,1724.880219190949,neutral
2025-11-25 02:15:00+00:00,2025-11-25 02:45:00+00:00,SHORT,87591.0,87573.48180000001,87790.0023,87807.56030046,87832.4,80000.0,True,True,87790.0023,80000.0,STOP_LOSS,0.001,-0.2340785004599893,0.08769052105023001,-0.3217690215102193,38.1452877680322,1522.5288624656653,neutral
2025-11-25 17:45:00+00:00,2025-11-25 23:00:00+00:00,SHORT,87604.4,87586.87912,87751.7641,87769.31445281999,87756.0,87355.7,True,False,87751.7641,86129.1,STOP_LOSS,0.001,-0.18243533281999408,0.08767809678641,-0.27011342960640405,10.011257830095165,452.55381833188983,neutral
2025-11-26 13:30:00+00:00,2025-11-26 14:45:00+00:00,LONG,86950.1,86967.49002,86784.2289,86766.87205422,87513.0,86761.9,True,False,86784.2289,87897.4,STOP_LOSS,0.001,-0.20061796577999486,0.08686718103711,-0.28748514681710485,5.711061179433704,199.859769932291,neutral
2025-11-29 02:45:00+00:00,2025-11-29 04:00:00+00:00,LONG,90780.6,90798.75612,90638.0712,90619.94358576,90684.9,90605.0,True,False,90638.0712,91223.5,STOP_LOSS,0.001,-0.1788125342400017,0.09070934985288001,-0.2695218840928817,3.107442145026086,156.28332575592682,bullish
2025-11-30 14:15:00+00:00,2025-11-30 16:15:00+00:00,SHORT,91523.0,91504.6954,91660.56899999999,91678.90111379999,91750.0,91432.9,True,False,91660.56899999999,90509.8,STOP_LOSS,0.001,-0.17420571379999455,0.0915917982569,-0.26579751205689456,7.3650313660787035,160.76056038997353,bearish
2025-12-01 17:15:00+00:00,2025-12-01 17:30:00+00:00,LONG,84942.6,84959.58852,84706.3089,84689.36763822,85142.7,84674.5,True,False,84706.3089,86521.0,STOP_LOSS,0.001,-0.2702208817799983,0.08482447807911,-0.35504535985910834,6.67989611119496,483.31488210047513,neutral
2025-12-01 23:30:00+00:00,2025-12-02 01:00:00+00:00,SHORT,86495.0,86477.701,86607.521,86624.84250419999,87233.5,86461.8,True,False,86607.521,83862.5,STOP_LOSS,0.001,-0.14714150419998623,0.0865512717521,-0.23369277595208623,23.395632815209208,348.47747418362826,neutral
2025-12-02 02:45:00+00:00,2025-12-02 03:30:00+00:00,SHORT,86504.5,86487.1991,86607.521,86624.84250419999,86746.7,86190.0,True,False,86607.521,86175.2,STOP_LOSS,0.001,-0.13764340419998916,0.0865560208021,-0.22419942500208917,3.196435678162939,300.5829588680722,neutral
2025-12-03 22:15:00+00:00,2025-12-03 22:30:00+00:00,SHORT,93379.8,93361.12404000001,93546.453,93565.1622906,93631.6,93309.0,True,False,93546.453,91696.4,STOP_LOSS,0.001,-0.2040382505999878,0.0934631431653,-0.29750139376528784,10.101228300721248,308.9787051419924,neutral
2025-12-04 19:30:00+00:00,2025-12-04 20:00:00+00:00,LONG,91925.7,91944.08514,91773.135,91754.780373,92112.3,91751.9,True,False,91773.135,93217.9,STOP_LOSS,0.001,-0.18930476699999418,0.09184943275650001,-0.2811541997564942,8.469832530396731,404.6208218337502,neutral
2025-12-06 15:15:00+00:00,2025-12-06 15:30:00+00:00,SHORT,89614.1,89596.17718000001,89811.92219999999,89829.88458443999,89866.1,89550.3,True,False,89811.92219999999,89218.4,STOP_LOSS,0.001,-0.23370740443997784,0.08971303088222,-0.32342043532219783,2.0002810604676857,141.7288572422724,neutral
2025-12-06 20:30:00+00:00,2025-12-06 21:15:00+00:00,LONG,89532.5,89550.4065,89431.6788,89413.79246424,89501.2,89412.0,True,False,89431.6788,90116.1,STOP_LOSS,0.001,-0.13661403575999428,0.08948209948211999,-0.22609613524211428,5.788465124398166,133.92637769420483,neutral
2025-12-10 15:00:00+00:00,2025-12-10 15:15:00+00:00,LONG,92066.7,92085.11334,91894.3137,91875.93483726,92078.3,91856.0,True,False,91894.3137,93084.6,STOP_LOSS,0.001,-0.2091785027399892,0.09198052408863,-0.30115902682861917,5.9047615732805845,195.19537913850266,bullish
2025-12-10 15:45:00+00:00,2025-12-10 16:00:00+00:00,LONG,92026.5,92044.9053,91894.3137,91875.93483726,92204.0,91869.8,True,False,91894.3137,93084.6,STOP_LOSS,0.001,-0.1689704627399915,0.09196042006863,-0.26093088280862153,8.004611673070478,209.84801310761392,bullish
2025-12-11 16:15:00+00:00,2025-12-11 16:30:00+00:00,LONG,89528.7,89546.60574,89410.5,89392.6179,89982.9,89244.9,True,False,89410.5,90451.4,STOP_LOSS,0.001,-0.1539878400000016,0.08946961182000002,-0.2434574518200016,7.8062605752962755,627.4428572080116,neutral
2025-12-13 14:30:00+00:00,2025-12-13 17:00:00+00:00,LONG,90157.2,90175.23143999999,90015.894,89997.8908212,90080.4,89981.9,True,False,90015.894,95346.6,STOP_LOSS,0.001,-0.17734061879999355,0.0900865611306,-0.26742717993059356,36.72455522058599,1064.873108676477,neutral
2025-12-13 21:45:00+00:00,2025-12-14 09:30:00+00:00,LONG,90155.5,90173.5311,90015.894,89997.8908212,92000.0,89989.3,True,False,90015.894,94500.0,STOP_LOSS,0.001,-0.17564027879999777,0.0900857109606,-0.2657259897605978,31.119722648023775,628.6111725369814,neutral
2025-12-18 03:15:00+00:00,2025-12-18 03:30:00+00:00,SHORT,86306.0,86288.7388,86427.24089999999,86444.52634817999,86482.8,86225.2,True,False,86427.24089999999,85288.4,STOP_LOSS,0.001,-0.1557875481799856,0.08636663257409,-0.2421541807540756,8.39320724277114,249.69963670299137,bearish
2025-12-18 09:00:00+00:00,2025-12-18 09:15:00+00:00,SHORT,86764.6,86747.24708,86913.22639999999,86930.60904527998,86982.1,86763.0,True,False,86913.22639999999,85823.4,STOP_LOSS,0.001,-0.18336196527998255,0.08683892806263999,-0.27020089334262254,6.332656916941697,169.66997287645412,neutral
2025-12-19 19:15:00+00:00,2025-12-22 00:00:00+00:00,LONG,87570.4,87587.91407999999,89300.5,89282.63990000001,89406.1,88596.2,False,True,87449.9625,89300.5,TAKE_PROFIT,0.001,1.6947258200000215,0.08843527699,1.6062905430100214,14.365127140633156,403.3842951588871,neutral
2025-12-22 13:30:00+00:00,2025-12-22 14:00:00+00:00,SHORT,89700.0,89682.06,89932.74289999998,89950.72944857998,90063.9,89843.1,True,False,89932.74289999998,88065.0,STOP_LOSS,0.001,-0.2686694485799817,0.08981639472428998,-0.3584858433042717,7.024918912671966,217.07066188314604,bearish
2025-12-23 05:15:00+00:00,2025-12-23 05:30:00+00:00,LONG,87942.0,87959.5884,87805.2069,87787.64585862,87942.0,87586.0,True,False,87805.2069,88856.8,STOP_LOSS,0.001,-0.17194254137999088,0.08787361712931,-0.25981615850930084,6.687471809616379,196.75664422436978,neutral
2025-12-23 19:00:00+00:00,2025-12-23 19:15:00+00:00,SHORT,87786.9,87769.34262,87926.23839999999,87943.82364767998,87951.1,87611.0,True,False,87926.23839999999,86601.8,STOP_LOSS,0.001,-0.17448102767998352,0.08785658313384,-0.2623376108138235,8.505193112595297,300.52743657785715,neutral
2025-12-24 23:15:00+00:00,2025-12-25 02:30:00+00:00,SHORT,87523.0,87505.4954,87687.59999999999,87705.13751999999,87803.0,87650.0,True,False,87687.59999999999,86390.8,STOP_LOSS,0.001,-0.19964211999998951,0.08760531646,-0.2872474364599895,6.878493317132789,143.6976882225988,bearish
2025-12-26 01:00:00+00:00,2025-12-26 02:15:00+00:00,LONG,87200.0,87217.44,88461.0,88443.3078,89160.4,88003.1,False,True,87111.90090000001,88461.0,TAKE_PROFIT,0.001,1.2258677999999927,0.08783037390000001,1.1380374260999928,14.313426584381816,199.91999691415302,bullish
2025-12-29 14:15:00+00:00,2025-12-29 14:30:00+00:00,LONG,87488.0,87505.4976,87955.7,87938.10886,88053.0,87313.5,False,True,87303.1095,87955.7,TAKE_PROFIT,0.001,0.4326112599999906,0.08772180323,0.3448894567699906,2.529605361011042,236.81911158262568,bullish
2026-01-06 10:00:00+00:00,2026-01-06 10:15:00+00:00,LONG,93533.9,93552.60677999999,93414.492,93395.8091016,93588.0,93000.0,True,False,93414.492,93959.9,STOP_LOSS,0.001,-0.15679767839999112,0.0934742079408,-0.2502718863407911,3.567600160793372,322.6150913982948,bullish
2026-01-08 18:30:00+00:00,2026-01-08 18:45:00+00:00,SHORT,90909.2,90891.01815999999,91060.66969999998,91078.88183393999,91063.9,90890.1,True,False,91060.66969999998,89244.0,STOP_LOSS,0.001,-0.18786367393999537,0.09098494999696999,-0.27884862393696536,10.99361786548822,619.3596541333548,bearish
2026-01-08 19:45:00+00:00,2026-01-08 21:30:00+00:00,SHORT,90833.0,90814.8334,91060.66969999998,91078.88183393999,91184.2,90952.6,True,False,91060.66969999998,89244.0,STOP_LOSS,0.001,-0.26404843393998456,0.09094685761697,-0.35499529155695453,6.979409205529377,505.3714353805998,bearish
2026-01-09 17:15:00+00:00,2026-01-09 17:30:00+00:00,SHORT,91025.8,91007.59484,91122.23119999998,91140.45564623998,91136.3,90962.9,True,False,91122.23119999998,89619.5,STOP_LOSS,0.001,-0.1328608062399726,0.09107402524312,-0.2239348314830926,14.58345431769318,366.41712655139247,neutral
2026-01-13 14:45:00+00:00,2026-01-13 15:30:00+00:00,SHORT,92350.8,92332.32984,92608.3158,92626.83746316,93022.9,92293.9,True,False,92608.3158,90926.6,STOP_LOSS,0.001,-0.294507623159996,0.09247958365158002,-0.38698720681157606,5.530534437110389,230.5707755161527,bearish
2026-01-21 16:00:00+00:00,2026-01-21 16:45:00+00:00,SHORT,89720.6,89702.65588,88114.5,88132.1229,88521.2,87502.3,False,True,90081.49149999999,88114.5,TAKE_PROFIT,0.001,1.5705329800000036,0.08891738939,1.4816155906100037,4.450368046906286,346.0763148256741,bearish
2026-01-23 11:00:00+00:00,2026-01-23 14:30:00+00:00,LONG,89098.7,89116.51973999999,88982.3286,88964.53213428,89560.9,88591.8,True,False,88982.3286,89961.3,STOP_LOSS,0.001,-0.15198760571998718,0.08904052593713999,-0.24102813165712716,7.412474198986855,154.798707730558,neutral
2026-01-23 19:15:00+00:00,2026-01-25 08:30:00+00:00,SHORT,89749.1,89731.15018000001,88482.5,88500.19649999999,88546.1,88148.0,False,True,90051.2613,88482.5,TAKE_PROFIT,0.001,1.2309536800000205,0.08911567334,1.1418380066600204,4.19180086927094,345.29852763199585,neutral
2026-01-26 15:45:00+00:00,2026-01-26 16:00:00+00:00,LONG,87540.6,87558.10812,87405.4071,87387.92601858,87609.0,87216.4,True,False,87405.4071,88136.2,STOP_LOSS,0.001,-0.17018210142001045,0.08747301706929,-0.25765511848930045,4.405556800689616,323.0619137832673,neutral
2026-01-26 17:45:00+00:00,2026-01-27 03:00:00+00:00,LONG,87589.8,87607.31796,88722.4,88704.65552,88756.5,88481.6,False,True,87405.4071,88722.4,TAKE_PROFIT,0.001,1.09733756,0.08815598674,1.00918157326,6.142318928765442,353.08639170981087,neutral
2026-01-30 16:45:00+00:00,2026-01-30 17:15:00+00:00,SHORT,83010.6,82993.99788000001,83248.66549999999,83265.31523309999,83311.7,82519.3,True,False,83248.66549999999,82052.1,STOP_LOSS,0.001,-0.2713173530999775,0.08312965655655,-0.35444700965652753,4.026202872739102,425.326039443598,neutral
2026-02-01 10:15:00+00:00,2026-02-01 14:15:00+00:00,SHORT,78919.1,78903.31618000001,77912.7,77928.28254,78132.8,77768.0,False,True,79064.98599999999,77912.7,TAKE_PROFIT,0.001,0.9750336400000088,0.07841579936000001,0.8966178406400088,6.898537213989819,256.9649255461523,bearish
2026-02-02 12:30:00+00:00,2026-02-02 13:45:00+00:00,SHORT,77764.6,77749.04708,78058.18019999999,78073.79183603999,78202.0,77771.6,True,False,78058.18019999999,75687.7,STOP_LOSS,0.001,-0.3247447560399887,0.07791141945801999,-0.4026561754980087,7.074387169162413,354.8421259287683,bearish
2026-02-02 14:45:00+00:00,2026-02-02 15:00:00+00:00,SHORT,77785.7,77770.14285999999,78058.18019999999,78073.79183603999,78192.9,77592.6,True,False,78058.18019999999,74546.8,STOP_LOSS,0.001,-0.30364897603999996,0.07792196734801998,-0.38157094338801995,11.88673525636029,421.844712434533,bearish
2026-02-03 15:45:00+00:00,2026-02-03 16:00:00+00:00,LONG,78065.1,78080.71302000001,77823.69840000001,77808.13366032,78055.2,77262.5,True,False,77823.69840000001,78930.8,STOP_LOSS,0.001,-0.27257935968000674,0.07794442334016002,-0.35052378302016673,3.5861402741324264,416.29889111884376,neutral
2026-02-05 02:15:00+00:00,2026-02-05 02:45:00+00:00,LONG,72142.4,72156.82848,71719.9083,71705.56431834,72417.4,71151.1,True,False,71719.9083,73930.5,STOP_LOSS,0.001,-0.4512641616600013,0.07193119639917,-0.5231953580591713,4.232272491980343,543.9926972269611,neutral
2026-02-06 00:30:00+00:00,2026-02-06 06:30:00+00:00,LONG,62803.8,62816.36076,62396.8407,62384.361331860004,65741.0,55888.8,True,False,62396.8407,70615.2,STOP_LOSS,0.001,-0.43199942813999953,0.06260036104593,-0.4945997891859295,19.19454844747362,1111.0674879859043,neutral
2026-02-09 00:00:00+00:00,2026-02-09 00:15:00+00:00,LONG,70523.8,70537.90476,70219.5102,70205.46629796001,70697.2,65000.0,True,False,70219.5102,71440.9,STOP_LOSS,0.001,-0.3324384620399942,0.07037168552898002,-0.40281014756897426,3.013903193600296,461.358023636209,neutral
2026-02-09 00:45:00+00:00,2026-02-09 01:30:00+00:00,LONG,70433.2,70447.28663999999,70219.5102,70205.46629796001,70718.5,70082.8,True,False,70219.5102,71440.9,STOP_LOSS,0.001,-0.24182034203998046,0.07032637646898,-0.3121467185089605,4.715714086493744,774.1954001198079,neutral
2026-02-10 12:15:00+00:00,2026-02-10 12:30:00+00:00,LONG,68680.1,68693.83602,68594.73659999999,68581.01765267999,68760.8,68502.2,True,False,68594.73659999999,69296.1,STOP_LOSS,0.001,-0.11281836732001102,0.06863742683634,-0.18145579415635102,7.216207414417426,216.32116603902747,bullish
2026-02-10 21:45:00+00:00,2026-02-11 03:15:00+00:00,LONG,68587.5,68601.2175,68486.54490000001,68472.84759102,68513.4,67987.4,True,False,68486.54490000001,69894.8,STOP_LOSS,0.001,-0.12836990897999204,0.06853703254551001,-0.19690694152550203,12.94932103479772,295.91923562890247,bullish
2026-02-16 10:15:00+00:00,2026-02-16 12:00:00+00:00,SHORT,68729.9,68716.15402,68882.71389999999,68896.49044277999,68913.6,68768.4,True,False,68882.71389999999,68211.4,STOP_LOSS,0.001,-0.18033642277999024,0.06880632223139,-0.24914274501138023,3.393015949465469,308.43928071858926,neutral
2026-02-17 16:00:00+00:00,2026-02-17 16:15:00+00:00,LONG,67695.0,67708.539,67597.0353,67583.51589294,67862.5,67455.6,True,False,67597.0353,70333.0,STOP_LOSS,0.001,-0.12502310705999845,0.06764602744647,-0.19266913450646844,26.928066946564282,362.2669681122035,neutral
2026-02-18 08:30:00+00:00,2026-02-18 11:00:00+00:00,SHORT,68111.9,68098.27762,67664.7,67678.23294,67739.0,67091.9,False,True,68206.2381,67664.7,TAKE_PROFIT,0.001,0.4200446799999918,0.06788825528,0.35215642471999176,4.740396509999232,149.7703017994126,neutral
2026-02-18 16:15:00+00:00,2026-02-18 16:45:00+00:00,LONG,67189.3,67202.73786000001,67024.8081,67011.40313838,67201.6,67012.6,True,False,67024.8081,68392.6,STOP_LOSS,0.001,-0.19133472162000545,0.06710707049919001,-0.2584417921191955,7.31525382100847,304.72183185913053,neutral
2026-02-20 00:30:00+00:00,2026-02-20 03:15:00+00:00,SHORT,67229.5,67216.05410000001,67343.97669999998,67357.44549533998,67373.9,67197.9,True,False,67343.97669999998,66600.0,STOP_LOSS,0.001,-0.14139139533997513,0.06728674979766999,-0.20867814513764513,5.49893559126079,175.56752494271038,bearish
2026-02-20 03:30:00+00:00,2026-02-20 05:30:00+00:00,SHORT,67271.5,67258.0457,67412.74539999999,67426.22794907998,74870.2,67360.4,True,False,67412.74539999999,66609.9,STOP_LOSS,0.001,-0.16818224907998228,0.06734213682453999,-0.23552438590452227,4.684046347704598,136.29879514873244,bearish
2026-02-23 22:00:00+00:00,2026-02-23 22:45:00+00:00,LONG,64926.6,64939.58532,64706.229,64693.2877542,64827.2,64650.1,True,False,64706.229,66678.4,STOP_LOSS,0.001,-0.2462975657999996,0.06481643653710001,-0.3111140023370996,7.949321825467063,274.0394896997738,neutral
2026-02-27 17:45:00+00:00,2026-02-27 18:00:00+00:00,LONG,65681.1,65694.23622,65585.4489,65572.33181022,65717.6,65492.6,True,False,65585.4489,67599.0,STOP_LOSS,0.001,-0.12190440978000698,0.06563328401511001,-0.18753769379511698,20.05099784529335,271.3228438715016,neutral
2026-02-27 21:15:00+00:00,2026-02-27 21:30:00+00:00,LONG,65667.7,65680.83353999999,65585.4489,65572.33181022,65684.0,65555.0,True,False,65585.4489,66244.3,STOP_LOSS,0.001,-0.10850172977999319,0.06562658267511001,-0.17412831245510318,7.010240592527609,199.64238216369026,neutral
2026-02-28 18:00:00+00:00,2026-02-28 18:30:00+00:00,SHORT,65252.1,65239.04958,65379.1138,65392.18962276,65715.8,65164.9,True,False,65379.1138,64949.7,STOP_LOSS,0.001,-0.15314004276000195,0.06531561960137999,-0.21845566236138195,2.3808436563586,748.8762578875641,bearish
2026-03-01 02:45:00+00:00,2026-03-01 03:00:00+00:00,SHORT,67597.9,67584.38042,67720.05239999999,67733.59641047998,67741.0,67589.0,True,False,67720.05239999999,65210.0,STOP_LOSS,0.001,-0.14921599047997733,0.06765898841523998,-0.2168749788952173,19.54853117908576,491.0678212817096,neutral
2026-03-01 23:00:00+00:00,2026-03-01 23:15:00+00:00,LONG,65805.5,65818.6611,65672.3619,65659.22742762,65846.8,65600.0,True,False,65672.3619,67227.9,STOP_LOSS,0.001,-0.15943367237999337,0.06573894426381,-0.22517261664380336,10.683643525031766,376.4709305464419,neutral
2026-03-01 23:30:00+00:00,2026-03-01 23:45:00+00:00,LONG,65741.9,65755.04838,65672.3619,65659.22742762,65811.0,65646.9,True,False,65672.3619,67227.9,STOP_LOSS,0.001,-0.09582095237998874,0.06570713790381,-0.16152809028379872,21.36958012945708,356.83666970586086,neutral
2026-03-03 16:30:00+00:00,2026-03-03 16:45:00+00:00,SHORT,67627.4,67613.87452,67926.75889999999,67940.34425177998,68349.9,67628.4,True,False,67926.75889999999,65532.0,STOP_LOSS,0.001,-0.32646973177998734,0.06777710938588999,-0.3942468411658773,6.999624865003346,688.848030440337,neutral
2026-03-05 08:45:00+00:00,2026-03-05 10:15:00+00:00,LONG,72318.1,72332.56362,72937.8,72923.21244,73259.0,72670.6,False,True,72239.38829999999,72937.8,TAKE_PROFIT,0.001,0.5906488200000022,0.07262788803,0.5180209319700022,7.873035393720169,267.24674014401444,neutral
2026-03-05 11:30:00+00:00,2026-03-05 12:45:00+00:00,SHORT,72827.2,72812.63456,73010.73779999999,73025.33994755999,73022.1,72871.2,True,False,73010.73779999999,71753.0,STOP_LOSS,0.001,-0.21270538755998133,0.07291898725377999,-0.28562437481376135,5.852745320037888,291.18273932207944,neutral
2026-03-06 05:45:00+00:00,2026-03-06 06:00:00+00:00,LONG,70400.0,70414.08,70257.3723,70243.32082554001,70402.7,70248.8,True,False,70257.3723,71300.5,STOP_LOSS,0.001,-0.17075917445999222,0.07032870041277,-0.24108787487276223,6.313640337746575,227.3016376594383,bullish
2026-03-09 06:30:00+00:00,2026-03-09 08:00:00+00:00,SHORT,67319.4,67305.93612,67483.5161,67497.01280321999,67556.1,67437.5,True,False,67483.5161,65452.9,STOP_LOSS,0.001,-0.19107668321998791,0.06740147446160999,-0.2584781576815979,11.373046276386052,416.59998626636644,neutral
2026-03-11 06:45:00+00:00,2026-03-11 07:00:00+00:00,LONG,69870.8,69884.77416,69309.4212,69295.55931576,69868.2,60000.0,True,False,69309.4212,75000.0,STOP_LOSS,0.001,-0.5892148442400067,0.06959016673788002,-0.6588050109778867,9.13678963295362,1197.6763129479648,neutral
2026-03-13 18:30:00+00:00,2026-03-13 18:45:00+00:00,LONG,71266.4,71280.65328,71158.4703,71144.23860594,71278.0,71016.2,True,False,71158.4703,73797.8,STOP_LOSS,0.001,-0.1364146740599972,0.07121244594296999,-0.20762712000296718,23.454155806975887,320.64371700517023,neutral
2026-03-13 20:00:00+00:00,2026-03-13 21:30:00+00:00,LONG,71265.3,71279.55306,71158.4703,71144.23860594,71262.9,71103.8,True,False,71158.4703,71578.0,STOP_LOSS,0.001,-0.13531445406000422,0.07121189583297001,-0.20652634989297425,2.927088627975096,264.7973374234499,neutral
2026-03-15 22:00:00+00:00,2026-03-15 22:15:00+00:00,SHORT,71779.1,71764.74418000001,71888.21639999999,71902.59404327998,71927.0,71739.8,True,False,71888.21639999999,71362.1,STOP_LOSS,0.001,-0.13784986327997467,0.07183366911163999,-0.20968353239161466,3.82160701782738,144.61884187593745,neutral
2026-03-16 14:15:00+00:00,2026-03-16 18:00:00+00:00,SHORT,73979.6,73964.80408,74229.7556,74244.60155112001,74235.6,73913.5,True,False,74229.7556,72949.9,STOP_LOSS,0.001,-0.2797974711200077,0.07410470281556002,-0.3539021739355677,4.116238053435618,230.97824605953969,neutral
2026-03-17 11:00:00+00:00,2026-03-17 12:30:00+00:00,LONG,73893.7,73908.47873999999,73807.5186,73792.75709628,73903.7,73724.2,True,False,73807.5186,74398.1,STOP_LOSS,0.001,-0.1157216437199968,0.07385061791813999,-0.18957226163813679,5.852771015555573,191.05271582287844,neutral
2026-03-17 19:15:00+00:00,2026-03-17 21:30:00+00:00,SHORT,74659.0,74644.06820000001,74748.57389999999,74763.52361477999,74770.4,74504.7,True,False,74748.57389999999,73620.3,STOP_LOSS,0.001,-0.11945541477997904,0.07470379590739,-0.19415921068736902,11.596011784684272,186.0737183347596,neutral
2026-03-18 20:30:00+00:00,2026-03-18 22:00:00+00:00,LONG,71140.4,71154.62808,71045.5833,71031.37418334,71320.0,70972.0,True,False,71045.5833,71892.0,STOP_LOSS,0.001,-0.12325389665999682,0.07109300113167,-0.1943468977916668,7.926873641458092,223.89160225648507,neutral
2026-03-19 15:00:00+00:00,2026-03-19 15:15:00+00:00,LONG,69660.2,69674.13204,69547.383,69533.4735234,69687.0,69223.0,True,False,69547.383,71487.6,STOP_LOSS,0.001,-0.14065851660000045,0.0696038027817,-0.21026231938170045,16.197913435032685,245.57857068918966,neutral
2026-03-20 04:30:00+00:00,2026-03-20 04:45:00+00:00,SHORT,70550.4,70536.28992,70670.3998,70684.53387996,70747.9,70547.1,True,False,70670.3998,69759.0,STOP_LOSS,0.001,-0.14824395996000386,0.07061041189998,-0.21885437185998385,6.59501099168466,163.82728576283793,bearish
2026-03-20 09:00:00+00:00,2026-03-20 14:15:00+00:00,SHORT,70816.0,70801.8368,69759.0,69772.9518,69981.6,69695.0,False,True,70969.89899999999,69759.0,TAKE_PROFIT,0.001,1.0288850000000094,0.0702873943,0.9585976057000094,6.868140793637817,165.1895550768078,bearish
2026-03-24 06:30:00+00:00,2026-03-24 07:45:00+00:00,LONG,70405.0,70419.081,70936.3,70922.11274000001,71062.0,70807.6,False,True,70305.42420000001,70936.3,TAKE_PROFIT,0.001,0.5030317400000058,0.07067059687000002,0.43236114313000584,5.335633758403635,145.85197480351482,neutral
2026-03-25 08:45:00+00:00,2026-03-25 09:00:00+00:00,SHORT,71215.7,71201.45686,71295.12389999999,71309.38292477999,71309.3,71215.7,True,False,71295.12389999999,70390.2,STOP_LOSS,0.001,-0.10792606477998197,0.07125541989239001,-0.179181484672372,10.393596889601984,176.92327881432536,neutral
